시설종류,대상시설명,소재지도로명주소,소재지지번주소,위도,경도,관리기관명,관할경찰서명,CCTV설치여부,CCTV설치대수,보호구역도로폭,데이터기준일자
초등학교,한벌초교,충청북도 청주시 서원구 흥덕로 16 (사직동),충청북도 청주시 서원구 사직동 560,36.63706584,127.4747899,청주시,청원,Y,5,4~8,2020-07-17
유치원,한벌초교 병설유치원,충청북도 청주시 서원구 흥덕로 16 (사직동),충청북도 청주시 서원구 사직동 560,36.63706584,127.4747899,청주시,청원,Y,,4~8,2020-07-17
초등학교,봉명초교,충청북도 청주시 흥덕구 봉명로141번길 3 (봉명동),충청북도 청주시 흥덕구 봉명동 205,36.63993826,127.4564424,청주시,흥덕,Y,9,4~8,2020-07-17
유치원,봉명초교 병설유치원,충청북도 청주시 흥덕구 봉명로141번길 3 (봉명동),충청북도 청주시 흥덕구 봉명동 205,36.63993826,127.4564424,청주시,흥덕,Y,,4~8,2020-07-17
초등학교,교동초교,충청북도 청주시 상당구 용암로 6 (용암동),충청북도 청주시 상당구 용암동 2084,36.61059067,127.5105256,청주시,상당,Y,5,4~8,2020-07-17
유치원,교동초교 병설유치원,충청북도 청주시 상당구 용암로 6 (용암동),충청북도 청주시 상당구 용암동 2084,36.61059067,127.5105256,청주시,상당,Y,,4~8,2020-07-17
초등학교,북이초등학교,충청북도 청주시 청원구 북이면 의암로 342,충청북도 청주시 청원구 북이면 내추리 10,36.76125591,127.5560066,청주시,청원,Y,7,4~8,2020-07-17
유치원,북이초교 병설유치원,충청북도 청주시 청원구 북이면 의암로 342,충청북도 청주시 청원구 북이면 내추리 10,36.76125591,127.5560066,청주시,청원,Y,,4~8,2020-07-17
초등학교,북일초교,충청북도 청주시 청원구 주중로 13-19 (주중동),충청북도 청주시 청원구 주중동428,36.68964874,127.485398,청주시,청원,Y,4,4~8,2020-07-17
유치원,북일초교 병설유치원,충청북도 청주시 청원구 주중로 13-19 (주중동),충청북도 청주시 청원구 주중동428,36.68964874,127.485398,청주시,청원,Y,,4~8,2020-07-17
초등학교,석교초교,충청북도 청주시 상당구 대성로 14 (석교동),충청북도 청주시 상당구 석교동10,36.6267607,127.4942469,청주시,상당,Y,7,4~8,2020-07-17
유치원,석교초교 병설유치원,충청북도 청주시 상당구 대성로 14 (석교동),충청북도 청주시 상당구 석교동10,36.6267607,127.4942469,청주시,상당,Y,,4~8,2020-07-17
초등학교,우암초교,충청북도 청주시 청원구 상당로 204 (우암동),충청북도 청주시 청원구 우암동137,36.64746628,127.4904517,청주시,청원,Y,4,4~8,2020-07-17
유치원,우암초교 병설유치원,충청북도 청주시 청원구 상당로 204 (우암동),충청북도 청주시 청원구 우암동137,36.64746628,127.4904517,청주시,청원,Y,,4~8,2020-07-17
초등학교,주성초교,충청북도 청주시 상당구 교서로 45 (영동),충청북도 청주시 상당구 영동 48,36.64142478,127.4852563,청주시,상당,Y,4,4~8,2020-07-17
유치원,주성초교 병설유치원,충청북도 청주시 상당구 교서로 45 (영동),충청북도 청주시 상당구 영동 48,36.64142478,127.4852563,청주시,상당,N,,4~8,2020-07-17
특수학교,청주맹학교,충청북도 청주시 상당구 영운로 122-1 (탑동),충청북도 청주시 상당구 탑동185-2,36.62648634,127.4960831,청주시,상당,Y,1,4~8,2020-07-17
초등학교,오송초등학교,충청북도 청주시 흥덕구 오송읍 오송2길 26,충청북도 청주시 흥덕구 오송읍 오송리 60-1,36.61313894,127.3256312,청주시,흥덕,Y,4,4~8,2020-07-17
유치원,오송초교 병설유치원,충청북도 청주시 흥덕구 오송읍 오송2길 26,충청북도 청주시 흥덕구 오송읍 오송리 60-1,36.61313894,127.3256312,청주시,흥덕,Y,,4~8,2020-07-17
초등학교,수곡초교,충청북도 청주시 서원구 수곡로 73 (수곡동),충청북도 청주시 서원구 수곡동 779,36.61836572,127.4711249,청주시,상당,Y,13,4~8,2020-07-17
유치원,수곡초교 병설유치원,충청북도 청주시 서원구 수곡로 73 (수곡동),충청북도 청주시 서원구 수곡동 779,36.61836572,127.4711249,청주시,상당,Y,,4~8,2020-07-17
초등학교,상당초교,충청북도 청주시 상당구 무농정로 62 (용암동),충청북도 청주시 상당구 용암동 2062,36.60799811,127.509896,청주시,상당,Y,8,4~8,2020-07-17
유치원,상당초교 병설유치원,충청북도 청주시 상당구 무농정로 62 (용암동),충청북도 청주시 상당구 용암동 2062,36.60799811,127.509896,청주시,상당,Y,,4~8,2020-07-17
초등학교,용담초교,충청북도 청주시 상당구 용담로 105번길 32,충청북도 청주시 상당구 용담동 187,36.63612412,127.5014136,청주시,상당,Y,5,4~8,2020-07-17
유치원,용담초교 병설유치원,충청북도 청주시 상당구 용담로 105번길 32,충청북도 청주시 상당구 용담동 187,36.63612412,127.5014136,청주시,상당,Y,,4~8,2020-07-17
초등학교,용암초교,충청북도 청주시 상당구 원봉로 55,충청북도 청주시 상당구 용암2동 103,36.61430044,127.5078271,청주시,상당,Y,3,4~8,2020-07-17
유치원,용암초교 병설유치원,충청북도 청주시 상당구 원봉로 55,충청북도 청주시 상당구 용암2동 103,36.61430044,127.5078271,청주시,상당,Y,16,4~8,2020-07-17
초등학교,청남초교,충청북도 청주시 상당구 단재로 109 (영운동),충청북도 청주시 상당구 영운동127,36.6205118,127.4973908,청주시,상당,Y,6,4~8,2020-07-17
유치원,청남초교 병설유치원,충청북도 청주시 상당구 단재로 109 (영운동),충청북도 청주시 상당구 영운동127,36.6205118,127.4973908,청주시,상당,N,,4~8,2020-07-17
초등학교,미원초등학교,충청북도 청주시 상당구 미원면 단재로 2482,충청북도 청주시 상당구 미원면 미원리 292-2,36.6357951,127.659885,청주시,상당,Y,5,4~8,2020-07-17
유치원,미원초교 병설유치원,충청북도 청주시 상당구 미원면 단재로 2482,충청북도 청주시 상당구 미원면 미원리 292-2,36.6357951,127.659885,청주시,상당,Y,,4~8,2020-07-17
초등학교,행정초등학교,충청북도 청주시 상당구 가덕면 상장인차로 277,충청북도 청주시 상당구 가덕면 행정리 29-1,36.53661825,127.5319485,청주시,상당,Y,2,4~8,2020-07-17
유치원,행정초교 병설유치원,충청북도 청주시 상당구 가덕면 상장인차로 277,충청북도 청주시 상당구 가덕면 행정리 29-1,36.53661825,127.5319485,청주시,상당,Y,,4~8,2020-07-17
초등학교,남이초등학교,충청북도 청주시 서원구 남이면 대련길 61,충청북도 청주시 서원구 남이면 대련리 255,36.57709788,127.4542757,청주시,흥덕,Y,5,4~8,2020-07-17
유치원,남이초교 병설유치원,충청북도 청주시 서원구 남이면 대련길 61,충청북도 청주시 서원구 남이면 대련리 255,36.57709788,127.4542757,청주시,흥덕,Y,,4~8,2020-07-17
초등학교,모충초교,충청북도 청주시 서원구 쌍샘로 49 (모충동),충청북도 청주시 서원구 모충동372,36.62569014,127.4783558,청주시,상당,Y,7,4~8,2020-07-17
유치원,모충초교 병설유치원,충청북도 청주시 서원구 쌍샘로 49 (모충동),충청북도 청주시 서원구 모충동372,36.62569014,127.4783558,청주시,상당,Y,,4~8,2020-07-17
초등학교,복대초교,충청북도 청주시 흥덕구 풍산로 167(복대2동 709-4),충청북도 청주시 흥덕구 복대2동 704-2,36.62949225,127.447924,청주시,흥덕,Y,16,4~8,2020-07-17
유치원,복대초교 병설유치원,충청북도 청주시 흥덕구 풍산로 167(복대2동 709-4),충청북도 청주시 흥덕구 복대2동 704-2,36.62949225,127.447924,청주시,흥덕,Y,,4~8,2020-07-17
초등학교,봉정초교,충청북도 청주시 흥덕구 월명로140번길 37 (봉명동),충청북도 청주시 흥덕구 봉명2동 2141,36.64790606,127.4569055,청주시,흥덕,Y,8,4~8,2020-07-17
초등학교,오창초등학교,충청북도 청주시 청원구 오창읍 팔결로 690,충청북도 청주시 청원구 오창읍 장대리 238,36.74127089,127.4574448,청주시,청원,Y,,4~8,2020-07-17
유치원,오창초교 병설유치원,충청북도 청주시 청원구 오창읍 팔결로 690,충청북도 청주시 청원구 오창읍 장대리 238,36.74127089,127.4574448,청주시,청원,Y,2,4~8,2020-07-17
초등학교,현도초등학교,충청북도 청주시 서원구 현도면 청남로 248,충청북도 청주시 서원구 현도면 달계리 548-1,36.47678173,127.4271057,청주시,흥덕,Y,3,4~8,2020-07-17
유치원,현도초교 병설유치원,충청북도 청주시 서원구 현도면 청남로 248,충청북도 청주시 서원구 현도면 달계리 548-1,36.47678173,127.4271057,청주시,흥덕,Y,,4~8,2020-07-17
초등학교,흥덕초교,충청북도 청주시 흥덕구 흥덕로 121 (운천동),충청북도 청주시 흥덕구 운천동865,36.64563428,127.4737556,청주시,흥덕,Y,10,4~8,2020-07-17
유치원,흥덕초교 병설유치원,충청북도 청주시 흥덕구 흥덕로 121 (운천동),충청북도 청주시 흥덕구 운천동865,36.64563428,127.4737556,청주시,흥덕,Y,,4~8,2020-07-17
초등학교,강내초등학교,충청북도 청주시 흥덕구 강내면 태성탑연로 117,충청북도 청주시 흥덕구 강내면 다락리 348-1,36.59763656,127.356827,청주시,흥덕,Y,3,4~8,2020-07-17
유치원,강내초교 병설유치원,충청북도 청주시 흥덕구 강내면 태성탑연로 117,충청북도 청주시 흥덕구 강내면 다락리 348-1,36.59763656,127.356827,청주시,흥덕,Y,,4~8,2020-07-17
초등학교,가덕초등학교,충청북도 청주시 상당구 가덕면 단재로 1448,충청북도 청주시 상당구 가덕면 병암리 132,36.57792596,127.5784829,청주시,상당,Y,5,4~8,2020-07-17
유치원,가덕초교 병설유치원,충청북도 청주시 상당구 가덕면 단재로 1448,충청북도 청주시 상당구 가덕면 병암리 132,36.57792596,127.5784829,청주시,상당,Y,,4~8,2020-07-17
초등학교,수성초등학교,충청북도 청주시 청원구 내수읍 내수로 601,충청북도 청주시 청원구 내수읍 내수리 263-1,36.71925657,127.5267757,청주시,청원,Y,8,4~8,2020-07-17
유치원,수성초교 병설유치원,충청북도 청주시 청원구 내수읍 내수로 601,충청북도 청주시 청원구 내수읍 내수리 263-1,36.71925657,127.5267757,청주시,청원,Y,,4~8,2020-07-17
초등학교,내수초등학교,충청북도 청주시 청원구 내수읍 마산1길 114-1,충청북도 청주시 청원구 내수읍 마산리 177,36.72690729,127.5367999,청주시,청원,Y,8,4~8,2020-07-17
유치원,내수초교 병설유치원,충청북도 청주시 청원구 내수읍 마산1길 114-1,충청북도 청주시 청원구 내수읍 마산리 177,36.72690729,127.5367999,청주시,청원,Y,,4~8,2020-07-17
초등학교,금천초교,충청북도 청주시 상당구 수영로 248 (금천동),충청북도 청주시 상당구 금천동213-1,36.62731084,127.5057346,청주시,상당,Y,7,4~8,2020-07-17
유치원,금천초교 병설유치원,충청북도 청주시 상당구 수영로 248 (금천동),충청북도 청주시 상당구 금천동213-1,36.62731084,127.5057346,청주시,상당,Y,,4~8,2020-07-17
초등학교,덕성초교,충청북도 청주시 청원구 공항로 113(율량동 1335),충청북도 청주시 청원구 율량동 656,36.66746085,127.4841848,청주시,청원,Y,15,4~8,2020-07-17
유치원,덕성 병설유치원,충청북도 청주시 청원구 율봉로116번길 63-34 (율량동),충청북도 청주시 청원구 율량동1866,36.66611217,127.4843329,청주시,청원,Y,,4~8,2020-07-17
초등학교,율량초교,충청북도 청주시 청원구 율봉로212번길 14 (율량동),충청북도 청주시 청원구 율량동1034,36.66809349,127.491652,청주시,청원,Y,8,4~8,2020-07-17
유치원,율량초교 병설유치원,충청북도 청주시 청원구 율봉로212번길 14 (율량동),충청북도 청주시 청원구 율량동1034,36.66809349,127.491652,청주시,청원,Y,3,4~8,2020-07-17
초등학교,미원초교 금관분교,충청북도 청주시 상당구 미원면 운암계원로 601,충청북도 청주시 상당구 미원면 금관리 306-1,36.62124066,127.7231505,청주시,상당,Y,2,4~8,2020-07-17
유치원,금관분교 병설유치원,충청북도 청주시 상당구 미원면 운암계원로 601,충청북도 청주시 상당구 미원면 금관리 306-1,36.62124066,127.7231505,청주시,상당,Y,,4~8,2020-07-17
초등학교,동화초등학교,충청북도 청주시 상당구 남일면 척산화당로 539,충청북도 청주시 상당구 남일면 화당리 361-1,36.54733924,127.4922621,청주시,상당,Y,4,4~8,2020-07-17
초등학교,대성초교,충청북도 청주시 청원구 대성로 300번길 34 (내덕동),충청북도 청주시 청원구 내덕2동 262,36.6540328,127.489791,청주시,청원,Y,4,4~8,2020-07-17
초등학교,새터초교,충청북도 청주시 청원구 새터로 224 (사천동),충청북도 청주시 청원구 사천동200,36.66719627,127.4710644,청주시,청원,Y,10,4~8,2020-07-17
유치원,새터초교 병설유치원,충청북도 청주시 청원구 새터로 224 (사천동),충청북도 청주시 청원구 사천동200,36.66719627,127.4710644,청주시,청원,Y,,4~8,2020-07-17
초등학교,갈원초등학교,충청북도 청주시 서원구 남이면 저산척북로 375,충청북도 청주시 서원구 남이면 갈원리 146,36.56867816,127.3965496,청주시,흥덕,Y,2,4~8,2020-07-17
유치원,갈원초교 병설유치원,충청북도 청주시 서원구 남이면 저산척북로 375,충청북도 청주시 서원구 남이면 갈원리 146,36.56867816,127.3965496,청주시,흥덕,Y,,4~8,2020-07-17
초등학교,강서초교,충청북도 청주시 흥덕구 비하로9번길 38 (비하동),충청북도 청주시 흥덕구 비하동121-1,36.62841105,127.4232318,청주시,흥덕,Y,13,4~8,2020-07-17
유치원,강서초교 병설유치원,충청북도 청주시 흥덕구 비하로9번길 38 (비하동),충청북도 청주시 흥덕구 비하동121-1,36.62841105,127.4232318,청주시,흥덕,Y,,4~8,2020-07-17
초등학교,교대부설초교,충청북도 청주시 서원구 청남로 2067 (수곡동),충청북도 청주시 서원구 수곡동 135,36.61740052,127.4852935,청주시,상당,Y,,4~8,2020-07-17
유치원,교대부설초 병설유치원,충청북도 청주시 서원구 청남로 2067 (수곡동),충청북도 청주시 서원구 수곡동 135,36.61740052,127.4852935,청주시,상당,Y,5,4~8,2020-07-17
초등학교,남성초교,충청북도 청주시 서원구 청남로 1964 (분평동),충청북도 청주시 서원구 분평동219-1,36.60824435,127.4836847,청주시,상당,Y,4,4~8,2020-07-17
유치원,남성초교 병설 유치원,충청북도 청주시 서원구 청남로 1964 (분평동),충청북도 청주시 서원구 분평동219-1,36.60824435,127.4836847,청주시,상당,Y,,4~8,2020-07-17
초등학교,상봉초등학교,충청북도 청주시 흥덕구 오송읍 상봉길 9,충청북도 청주시 흥덕구 오송읍 상봉리 242-1,36.63825224,127.2861402,청주시,흥덕,Y,3,4~8,2020-07-17
초등학교,서원초교,충청북도 청주시 흥덕구 가로수로 1340-6 (복대동),충청북도 청주시 흥덕구 복대2동 977,36.6325822,127.4418998,청주시,흥덕,Y,19,4~8,2020-07-17
유치원,서원초교 병설 유치원,충청북도 청주시 흥덕구 가로수로 1340-6 (복대동),충청북도 청주시 흥덕구 복대2동 977,36.6325822,127.4418998,청주시,흥덕,Y,,4~8,2020-07-17
초등학교,서촌초교,충청북도 청주시 흥덕구 동촌로 126,충청북도 청주시 흥덕구 서촌동183,36.65056366,127.3994713,청주시,흥덕,Y,3,4~8,2020-07-17
유치원,서촌초교 병설유치원,충청북도 청주시 흥덕구 동촌로 126,충청북도 청주시 흥덕구 서촌동183,36.65056366,127.3994713,청주시,흥덕,Y,,4~8,2020-07-17
초등학교,옥산초등학교,충청북도 청주시 흥덕구 옥산면 옥산시내1길 19,충청북도 청주시 흥덕구 옥산면 오산리 223,36.66331978,127.372843,청주시,흥덕,Y,2,4~8,2020-07-17
유치원,옥산초교 병설유치원,충청북도 청주시 흥덕구 옥산면 옥산시내1길 19,충청북도 청주시 흥덕구 옥산면 오산리 223,36.66331978,127.372843,청주시,흥덕,Y,,4~8,2020-07-17
초등학교,운천초교,충청북도 청주시 흥덕구 무심서로 721 (운천동),충청북도 청주시 흥덕구 운천동543-7,36.65448842,127.4733848,청주시,흥덕,Y,4,4~8,2020-07-17
유치원,운천초교 병설유치원,충청북도 청주시 흥덕구 무심서로 721 (운천동),충청북도 청주시 흥덕구 운천동543-7,36.65448842,127.4733848,청주시,흥덕,Y,,4~8,2020-07-17
유치원,유동유치원,충청북도 청주시 흥덕구 직지대로581번길 33-16 (봉명동),충청북도 청주시 흥덕구 봉명2동 1602-1,36.64507729,127.4567054,청주시,흥덕,Y,2,4~8,2020-07-17
초등학교,창신초교,충청북도 청주시 서원구 1순환로709번길 44 (사창동),충청북도 청주시 서원구 사창동351,36.62931368,127.4644386,청주시,청원,Y,,4~8,2020-07-17
유치원,창신초교 병설유치원,충청북도 청주시 서원구 1순환로709번길 44 (사창동),충청북도 청주시 서원구 사창동351,36.62931368,127.4644386,청주시,청원,Y,3,4~8,2020-07-17
초등학교,풍광초교,충청북도 청주시 흥덕구 풍산로47번길 58 (가경동),충청북도 청주시 흥덕구 가경동1172,36.6298601,127.4352296,청주시,흥덕,Y,7,4~8,2020-07-17
유치원,풍광초교 병설유치원,충청북도 청주시 흥덕구 풍산로47번길 58 (가경동),충청북도 청주시 흥덕구 가경동1172,36.6298601,127.4352296,청주시,흥덕,Y,,4~8,2020-07-17
초등학교,한솔초교,충청북도 청주시 서원구 구룡산로 291 (수곡동),충청북도 청주시 서원구 수곡동322,36.61875729,127.4759923,청주시,상당,Y,3,4~8,2020-07-17
유치원,한솔초교 병설유치원,충청북도 청주시 서원구 구룡산로 291 (수곡동),충청북도 청주시 서원구 수곡동322,36.61875729,127.4759923,청주시,상당,Y,,4~8,2020-07-17
유치원,현대유치원,충청북도 청주시 서원구 성봉로220번길 3 (개신동),충청북도 청주시 서원구 개신동278-10,36.62479074,127.4501596,청주시,흥덕,Y,2,4~8,2020-07-17
초등학교,문의초등학교,충청북도 청주시 상당구 문의면 문의시내1길 28-23,충청북도 청주시 상당구 문의면 미천리 228,36.5186561,127.4935094,청주시,상당,Y,4,4~8,2020-07-17
유치원,문의초교 병설유치원,충청북도 청주시 상당구 문의면 문의시내1길 28-23,충청북도 청주시 상당구 문의면 미천리 228,36.5186561,127.4935094,청주시,상당,Y,,4~8,2020-07-17
초등학교,원봉초교,충청북도 청주시 상당구 월평로153번길 25 (용암동),충청북도 청주시 상당구 용암동 1328,36.61284424,127.5018664,청주시,상당,Y,2,4~8,2020-07-17
유치원,원봉초교 병설유치원,충청북도 청주시 상당구 월평로153번길 25 (용암동),충청북도 청주시 상당구 용암동 1328,36.61284424,127.5018664,청주시,상당,Y,,4~8,2020-07-17
초등학교,가경초교,충청북도 청주시 흥덕구 장구봉로 93 (복대동),충청북도 청주시 흥덕구 복대2동 2443,36.62474317,127.4436214,청주시,흥덕,Y,7,4~8,2020-07-17
유치원,가경초교 병설유치원,충청북도 청주시 흥덕구 장구봉로 93 (복대동),충청북도 청주시 흥덕구 복대2동 2443,36.62474317,127.4436214,청주시,흥덕,Y,,4~8,2020-07-17
초등학교,각리초등학교,충청북도 청주시 청원구 오창읍 오창중앙로 47-8,충청북도 청주시 청원구 오창읍 각리 646-2,36.70658039,127.4246718,청주시,청원,Y,4,4~8,2020-07-17
유치원,각리초교 병설유치원,충청북도 청주시 청원구 오창읍 오창중앙로 47-8,충청북도 청주시 청원구 오창읍 각리 646-2,36.70658039,127.4246718,청주시,청원,Y,,4~8,2020-07-17
초등학교,경덕초교,충청북도 청주시 흥덕구 장구봉로 36 (가경동),충청북도 청주시 흥덕구 가경동1504,36.62107715,127.437832,청주시,흥덕,Y,8,4~8,2020-07-17
유치원,경덕초교 병설유치원,충청북도 청주시 흥덕구 장구봉로 36 (가경동),충청북도 청주시 흥덕구 가경동1504,36.62107715,127.437832,청주시,흥덕,Y,,4~8,2020-07-17
초등학교,경산초교,충청북도 청주시 흥덕구 경산로 82-12 (가경동),충청북도 청주시 흥덕구 가경동1513,36.62535329,127.4404499,청주시,흥덕,Y,4,4~8,2020-07-17
유치원,경산초교 병설유치원,충청북도 청주시 흥덕구 경산로 82-12 (가경동),충청북도 청주시 흥덕구 가경동1513,36.62535329,127.4404499,청주시,흥덕,Y,,4~8,2020-07-17
초등학교,남평초교,충청북도 청주시 서원구 월평로 35 (분평동),충청북도 청주시 서원구 분평동1209,36.61174037,127.4890763,청주시,상당,Y,11,4~8,2020-07-17
유치원,남평초교 병설유치원,충청북도 청주시 서원구 월평로 35 (분평동),충청북도 청주시 서원구 분평동1209,36.61174037,127.4890763,청주시,상당,Y,,4~8,2020-07-17
초등학교,분평초교,충청북도 청주시 서원구 무심서로 205 (분평동),충청북도 청주시 서원구 분평동1198,36.61357664,127.4930673,청주시,상당,Y,7,4~8,2020-07-17
유치원,분평초교 병설유치원,충청북도 청주시 서원구 무심서로 205 (분평동),충청북도 청주시 서원구 분평동1198,36.61357664,127.4930673,청주시,상당,Y,,4~8,2020-07-17
초등학교,사직초교,충청북도 청주시 서원구 남사로 25 (사직동),충청북도 청주시 서원구 사직2동 38-4,36.63097703,127.4776908,청주시,청원,Y,20,4~8,2020-07-17
유치원,사직초교 병설유치원,충청북도 청주시 서원구 남사로 25 (사직동),충청북도 청주시 서원구 사직2동 38-4,36.63097703,127.4776908,청주시,청원,Y,,4~8,2020-07-17
유치원,수림유치원,충청북도 청주시 서원구 구룡산로338번길 8 (수곡동),충청북도 청주시 서원구 수곡동178-16,36.61804019,127.4813268,청주시,상당,Y,6,4~8,2020-07-17
초등학교,원평초교,충청북도 청주시 서원구 원마루로 32 (분평동),충청북도 청주시 서원구 분평동1263,36.61122721,127.4955025,청주시,상당,Y,8,4~8,2020-07-17
유치원,원평초교 병설유치원,충청북도 청주시 서원구 원마루로 32 (분평동),충청북도 청주시 서원구 분평동1263,36.61122721,127.4955025,청주시,상당,Y,,4~8,2020-07-17
초등학교,진흥초교,충청북도 청주시 흥덕구 증안로 107 (복대동),충청북도 청주시 흥덕구 복대1동 3031,36.63604015,127.4347098,청주시,흥덕,Y,2,4~8,2020-07-17
유치원,진흥초교 병설유치원,충청북도 청주시 흥덕구 증안로 107 (복대동),충청북도 청주시 흥덕구 복대1동 3031,36.63604015,127.4347098,청주시,흥덕,Y,3,4~8,2020-07-17
유치원,창성유치원,충청북도 청주시 서원구 용평로 108 (분평동),충청북도 청주시 서원구 분평동596-1,36.60514731,127.4900451,청주시,상당,Y,13,4~8,2020-07-17
초등학교,증안초교,충청북도 청주시 흥덕구 진재로47번길 45 (복대동),충청북도 청주시 흥덕구 복대1동 2610,36.63451514,127.4278226,청주시,흥덕,Y,3,4~8,2020-07-17
유치원,증안초교 병설유치원,충청북도 청주시 흥덕구 진재로47번길 45 (복대동),충청북도 청주시 흥덕구 복대1동 2610,36.63451514,127.4278226,청주시,흥덕,Y,4,4~8,2020-07-17
초등학교,개신초교,충청북도 청주시 서원구 신율로 20 (개신동),충청북도 청주시 서원구 개신동637,36.62027238,127.4487471,청주시,흥덕,Y,4,4~8,2020-07-17
유치원,개신초교 병설유치원,충청북도 청주시 서원구 신율로 20 (개신동),충청북도 청주시 서원구 개신동637,36.62027238,127.4487471,청주시,흥덕,Y,,4~8,2020-07-17
초등학교,동주초교,충청북도 청주시 상당구 호미로 269 (금천동),충청북도 청주시 상당구 금천동 323,36.63028796,127.5100115,청주시,상당,Y,5,4~8,2020-07-17
초등학교,대길초등학교,충청북도 청주시 청원구 북이면 대길길 28-24,충청북도 청주시 청원구 북이면 대길리 28-24,36.73230608,127.5596399,청주시,청원,Y,2,4~8,2020-07-17
초등학교,한국교원대부설초교,충청북도 청주시 흥덕구 강내면 가로수로 562,충청북도 청주시 흥덕구 강내면 월곡리 250,36.62329502,127.3623695,청주시,흥덕,Y,4,4~8,2020-07-17
유치원,한국교원대부설초교병설유치원,충청북도 청주시 흥덕구 강내면 가로수로 562,충청북도 청주시 흥덕구 강내면 월곡리 250,36.62329502,127.3623695,청주시,흥덕,Y,,4~8,2020-07-17
초등학교,산성초교,충청북도 청주시 상당구 호미로 306 (용담동),충청북도 청주시 상당구 용담동438,36.63384824,127.5110815,청주시,상당,Y,5,4~8,2020-07-17
유치원,산성초교 병설유치원,충청북도 청주시 상당구 수영로 349 (용담동),충청북도 청주시 상당구 용담동438,36.63353703,127.5113657,청주시,상당,Y,,4~8,2020-07-17
초등학교,용성초교,충청북도 청주시 상당구 호미로167번길 14 (용암동),충청북도 청주시 상당구 용암1동 2840,36.62394404,127.5166998,청주시,상당,Y,1,4~8,2020-07-17
유치원,용성초교 병설유치원,충청북도 청주시 상당구 호미로167번길 14 (용암동),충청북도 청주시 상당구 용암1동 2840,36.62394404,127.5166998,청주시,상당,Y,6,4~8,2020-07-17
초등학교,봉덕초교,충청북도 청주시 흥덕구 덕암로68번길 9 (봉명동),충청북도 청주시 흥덕구 봉명동2553,36.65262846,127.4623821,청주시,흥덕,Y,5,4~8,2020-07-17
유치원,봉덕초교 병설유치원,충청북도 청주시 흥덕구 덕암로68번길 9 (봉명동),충청북도 청주시 흥덕구 봉명동2553,36.65262846,127.4623821,청주시,흥덕,Y,,4~8,2020-07-17
초등학교,서경초교,충청북도 청주시 흥덕구 서경로 19 (가경동),충청북도 청주시 흥덕구 가경동1584,36.6183524,127.4417915,청주시,흥덕,Y,8,4~8,2020-07-17
유치원,서경초교 병설유치원,충청북도 청주시 흥덕구 서경로 19 (가경동),충청북도 청주시 흥덕구 가경동1584,36.6183524,127.4417915,청주시,흥덕,Y,,4~8,2020-07-17
초등학교,주중초교,충청북도 청주시 청원구 주성로 223 (주중동),충청북도 청주시 청원구 주중동173-3,36.67231061,127.4916833,청주시,청원,Y,3,4~8,2020-07-17
유치원,주중초교 병설유치원,충청북도 청주시 청원구 주성로 223 (주중동),충청북도 청주시 청원구 주중동173-3,36.67231061,127.4916833,청주시,청원,Y,8,4~8,2020-07-17
유치원,죽림유치원,충청북도 청주시 서원구 남이면 대림로 288,충청북도 청주시 서원구 남이면 석판리 152-1,36.59641987,127.4423461,청주시,흥덕,Y,10,4~8,2020-07-17
초등학교,석성초등학교,충청북도 청주시 청원구 북이면 화상석성로 505,충청북도 청주시 청원구 북이면 내둔리 345,36.74946138,127.5136882,청주시,청원,Y,7,4~8,2020-07-17
유치원,석성초교 병설유치원,충청북도 청주시 청원구 북이면 화상석성로 505,충청북도 청주시 청원구 북이면 내둔리 345,36.74946138,127.5136882,청주시,청원,Y,,4~8,2020-07-17
초등학교,죽림초교,충청북도 청주시 서원구 대림로 473 (죽림동),충청북도 청주시 서원구 죽림동293,36.61277873,127.4429224,청주시,흥덕,N,,4~8,2020-07-17
유치원,죽림초교 병설유치원,충청북도 청주시 서원구 대림로 473 (죽림동),충청북도 청주시 서원구 죽림동293,36.61277873,127.4429224,청주시,흥덕,Y,11,4~8,2020-07-17
초등학교,사천초교,충청북도 청주시 청원구 주성로 121,충청북도 청주시 청원구 사천동 36-73,36.67069032,127.4797707,청주시,청원,Y,4,4~8,2020-07-17
유치원,사천초교 병설유치원,충청북도 청주시 청원구 주성로 121,충청북도 청주시 청원구 사천동 36-73,36.67069032,127.4797707,청주시,청원,Y,,4~8,2020-07-17
초등학교,비봉초등학교,충청북도 청주시 청원구 오창읍 구룡2길 10,충청북도 청주시 청원구 오창읍 구룡리 395,36.71275547,127.4132313,청주시,청원,Y,7,4~8,2020-07-17
유치원,비봉초교 병설유치원,충청북도 청주시 청원구 오창읍 구룡2길 10,충청북도 청주시 청원구 오창읍 구룡리 395,36.71275547,127.4132313,청주시,청원,Y,,4~8,2020-07-17
어린이집,가덕어린이집,충청북도 청주시 상당구 가덕면 상장인차로 515,충청북도 청주시 상당구 가덕면 인차리 317,36.54873717,127.5462157,청주시,상당,Y,3,4~8,2020-07-17
어린이집,낭성어린이집,충청북도 청주시 상당구 낭성면 산성로 1387,충청북도 청주시 상당구 낭성면 호정리 359-7,36.6220182,127.6085221,청주시,상당,Y,3,4~8,2020-07-17
초등학교,내덕초교,충청북도 청주시 청원구 안덕벌로52번길 22-1 (내덕동),충청북도 청주시 청원구 내덕동61,36.65607615,127.4951187,청주시,청원,Y,7,4~8,2020-07-17
유치원,내덕초교 병설유치원,충청북도 청주시 청원구 안덕벌로52번길 22-1 (내덕동),충청북도 청주시 청원구 내덕동61,36.65607615,127.4951187,청주시,청원,Y,,4~8,2020-07-17
어린이집,내수어린이집,충청북도 청주시 청원구 내수읍 마산1길 80,충청북도 청주시 청원구 내수읍 마산리 1-25,36.72410138,127.5395565,청주시,청원,Y,6,4~8,2020-07-17
초등학교,덕벌초교,충청북도 청주시 청원구 1순환로339번길 86 (우암동),충청북도 청주시 청원구 우암동261-10,36.65530191,127.4790758,청주시,청원,Y,16,4~8,2020-07-17
유치원,덕벌초교 병설유치원,충청북도 청주시 청원구 1순환로339번길 86 (우암동),충청북도 청주시 청원구 우암동261-10,36.65530191,127.4790758,청주시,청원,Y,,4~8,2020-07-17
어린이집,미원어린이집,충청북도 청주시 상당구 미원면 내산3리길 26-6,충청북도 청주시 상당구 미원면 내산리 286-4,36.64729395,127.6552102,청주시,상당,Y,2,4~8,2020-07-17
어린이집,우리어린이집,충청북도 청주시 청원구 내수읍 원통숲안1길 5,충청북도 청주시 청원구 내수읍 원통리 263-1,36.70076048,127.5072225,청주시,청원,Y,6,4~8,2020-07-17
유치원,청주리라유치원(아이세상어린이집 옆),충청북도 청주시 청원구 1순환로197번길 48 (내덕동),충청북도 청주시 청원구 내덕동422-8,36.6624342,127.490833,청주시,청원,Y,5,4~8,2020-07-17
어린이집,가락어린이집,충청북도 청주시 흥덕구 옥산면 옥산시내1길 63-4,충청북도 청주시 흥덕구 옥산면 가락리 734-3,36.66447827,127.3781013,청주시,흥덕,Y,3,4~8,2020-07-17
어린이집,강내어린이집,충청북도 청주시 흥덕구 강내면 태성탑연로 178-2,충청북도 청주시 흥덕구 강내면 다락리 301,36.60098841,127.3581568,청주시,흥덕,Y,2,4~8,2020-07-17
초등학교,남일초등학교,충청북도 청주시 상당구 남일면 단재로 630,충청북도 청주시 상당구 남일면 쌍수리 321,36.57578618,127.5094741,청주시,상당,Y,3,4~8,2020-07-17
유치원,남일초교 병설유치원,충청북도 청주시 상당구 남일면 단재로 630,충청북도 청주시 상당구 남일면 쌍수리 321,36.57578618,127.5094741,청주시,상당,Y,,4~8,2020-07-17
초등학교,만수초등학교,충청북도 청주시 흥덕구 오송읍 만수2길 11,충청북도 청주시 흥덕구 오송읍 만수리 551,36.62730183,127.3293354,청주시,흥덕,Y,8,4~8,2020-07-17
유치원,만수초교 병설유치원,충청북도 청주시 흥덕구 오송읍 만수2길 11,충청북도 청주시 흥덕구 오송읍 만수리 551,36.62730183,127.3293354,청주시,흥덕,Y,,4~8,2020-07-17
유치원,새청주유치원,충청북도 청주시 흥덕구 사운로187번길 64-1 (운천동),충청북도 청주시 흥덕구 운천동951,36.64399831,127.4745417,청주시,흥덕,Y,1,4~8,2020-07-17
어린이집,에바타몬테소리 어린이집,충청북도 청주시 흥덕구 옥산면 오산1길 33,충청북도 청주시 흥덕구 옥산면 오산리 228-5,36.66957672,127.3706897,청주시,흥덕,Y,2,4~8,2020-07-17
특수학교,혜화학교(특수),충청북도 청주시 서원구 남이면 구암길 52-7,충청북도 청주시 서원구 남이면 구암리 275,36.59236562,127.4098394,청주시,흥덕,Y,2,4~8,2020-07-17
어린이집,뽈리나어린이집,충청북도 청주시 청원구 오창읍 두릉유리로 1043,충청북도 청주시 청원구 오창읍 양지리 30-1,36.74067098,127.4455058,청주시,청원,Y,2,4~8,2020-07-17
초등학교,낭성초등학교,충청북도 청주시 상당구 낭성면 낭성시내길 5,충청북도 청주시 상당구 낭성면 이목리 108-1,36.62367441,127.6017917,청주시,상당,Y,3,4~8,2020-07-17
초등학교,솔밭초교,충청북도 청주시 흥덕구 대농로 42 (복대동),충청북도 청주시 흥덕구 복대동 288-9,36.64163667,127.4260908,청주시,흥덕,Y,2,4~8,2020-07-17
유치원,솔밭초교 병설유치원,충청북도 청주시 흥덕구 대농로 42 (복대동),충청북도 청주시 흥덕구 복대동 288-9,36.64163667,127.4260908,청주시,흥덕,Y,,4~8,2020-07-17
초등학교,운동초교,충청북도 청주시 상당구 목련로117번길 109,충청북도 청주시 상당구 용암동 2948,36.60653591,127.5129668,청주시,상당,Y,7,4~8,2020-07-17
유치원,운동초교 병설유치원,충청북도 청주시 상당구 목련로117번길 109,충청북도 청주시 상당구 용암동 2948,36.60653591,127.5129668,청주시,상당,Y,,4~8,2020-07-17
어린이집,금천아람어린이집,충청북도 청주시 상당구 쇠내로125번길 28 (금천동),충청북도 청주시 상당구 금천동115-85,36.62262385,127.5076939,청주시,상당,Y,2,4~8,2020-07-17
어린이집,녹지어린이집,충청북도 청주시 청원구 율봉로30번길 35-1 (사천동),충청북도 청주시 청원구 사천동406-4,36.66220145,127.4753469,청주시,청원,Y,3,4~8,2020-07-17
어린이집,보리수보현어린이집,충청북도 청주시 청원구 주성로 162 (율량동),충청북도 청주시 청원구 율량동708,36.67159514,127.4842017,청주시,청원,Y,2,4~8,2020-07-17
어린이집,영광어린이집,충청북도 청주시 청원구 율봉로159번길 48-11 (율량동),충청북도 청주시 청원구 율량동793,36.6707362,127.4862322,청주시,청원,Y,4,4~8,2020-07-17
어린이집,행복어린이집(구예광어린이집),충청북도 청주시 상당구 수영로196번길 4 (금천동),충청북도 청주시 상당구 금천동134-3,36.62199693,127.5033835,청주시,상당,Y,3,4~8,2020-07-17
어린이집,은물어린이집,충청북도 청주시 상당구 상당로158번길 16 (수동),충청북도 청주시 상당구 수동380-6,36.64241109,127.4908574,청주시,상당,Y,5,4~8,2020-07-17
특수학교,청주혜원학교,충청북도 청주시 상당구 중고개로248번길 25 (금천동),충청북도 청주시 상당구 금천동 7-1,36.62652262,127.511373,청주시,상당,Y,6,4~8,2020-07-17
어린이집,경희어린이집,충청북도 청주시 흥덕구 가로수로 1077 (비하동),충청북도 청주시 흥덕구 비하동208-1,36.62679134,127.4164345,청주시,흥덕,Y,2,4~8,2020-07-17
초등학교,산남초교,충청북도 청주시 서원구 산남로 102 (산남동),충청북도 청주시 서원구 산남동673,36.61163449,127.462325,청주시,상당,Y,4,4~8,2020-07-17
유치원,산남초교 병설유치원,충청북도 청주시 서원구 산남로 112 (산남동),충청북도 청주시 서원구 산남동675,36.61109746,127.4613829,청주시,상당,Y,,4~8,2020-07-17
어린이집,아이림어린이집,충청북도 청주시 청원구 내수읍 마산길 72,충청북도 청주시 청원구 내수읍 마산리 123,36.72198879,127.5356508,청주시,청원,N,,4~8,2020-07-17
초등학교,샛별초교,충청북도 청주시 서원구 원흥로 24 (산남동),충청북도 청주시 서원구 산남동1095,36.60887644,127.4716707,청주시,상당,Y,8,4~8,2020-07-17
유치원,샛별초교 병설유치원,충청북도 청주시 서원구 원흥로 24 (산남동),충청북도 청주시 서원구 산남동1095,36.60887644,127.4716707,청주시,상당,Y,,4~8,2020-07-17
어린이집,아이자람터어린이집,충청북도 청주시 서원구 모충로124번길 27-9 (모충동),충청북도 청주시 서원구 모충동 403-1,36.62753327,127.4771508,청주시,상당,Y,2,4~8,2020-07-17
어린이집,청주DNS(구청주어린이집),충청북도 청주시 서원구 사운로 35 (사직동),충청북도 청주시 서원구 사직2동 9-23,36.63218436,127.4795319,청주시,청원,N,,4~8,2020-07-17
어린이집,충청B/R어린이집,충청북도 청주시 서원구 안뜸로12번길 26 (분평동),충청북도 청주시 서원구 분평동 280-2,36.61083122,127.4786217,청주시,상당,Y,3,4~8,2020-07-17
어린이집,하나어린이집,충청북도 청주시 흥덕구 덕암로114번길 22 (봉명동),충청북도 청주시 흥덕구 봉명동2700-1,36.65009019,127.4616333,청주시,흥덕,Y,2,4~8,2020-07-17
초등학교,성화초교,충청북도 청주시 서원구 신화로 22 (성화동),충청북도 청주시 서원구 성화동629,36.61601482,127.4555591,청주시,흥덕,Y,5,4~8,2020-07-17
유치원,성화초교 병설유치원,충청북도 청주시 서원구 신화로 22 (성화동),충청북도 청주시 서원구 성화동629,36.61601482,127.4555591,청주시,흥덕,Y,,4~8,2020-07-17
초등학교,다다예술학교,충청북도 청주시 상당구 낭성면 단재로 1796,충청북도 청주시 상당구 낭성면 추정리 266,36.59097929,127.6114341,청주시,상당,N,,4~8,2020-07-17
어린이집,방서어린이집,충청북도 청주시 상당구 단재로317번길 33-11 (방서동),충청북도 청주시 상당구 방서동58-2,36.60302841,127.5045925,청주시,상당,Y,2,4~8,2020-07-17
유치원,샛별유치원,충청북도 청주시 상당구 중흥로 87 (용암동),충청북도 청주시 상당구 용암동2099,36.61315731,127.5054007,청주시,상당,Y,5,4~8,2020-07-17
어린이집,수안들어린이집,충청북도 청주시 청원구 향군로136번길 21 (내덕동),충청북도 청주시 청원구 내덕1동 657-3,36.65739234,127.4809095,청주시,청원,Y,3,4~8,2020-07-17
어린이집,우미어린이집,충청북도 청주시 상당구 낙영로16번길 3 (용암동),충청북도 청주시 상당구 용암동2352,36.61712393,127.5084045,청주시,상당,Y,3,4~8,2020-07-17
어린이집,창릉어린이집,충청북도 청주시 상당구 수영로136번길 66 (영운동),충청북도 청주시 상당구 영운동91-1,36.61978072,127.5032484,청주시,상당,Y,,4~8,2020-07-17
유치원,청주유치원재능개발원(재능개발어린이집 앞),충청북도 청주시 상당구 이정골로 50 (용정동),충청북도 청주시 상당구 용정동 176,36.63146561,127.521902,청주시,상당,Y,2,4~8,2020-07-17
어린이집,대성어린이집(구나이팅게일어린이집),충청북도 청주시 흥덕구 사운로321번길 20 (신봉동),충청북도 청주시 흥덕구 신봉동159,36.65513429,127.4686601,청주시,흥덕,N,,4~8,2020-07-17
어린이집,남들어린이집,충청북도 청주시 서원구 수영로 11 (수곡동),충청북도 청주시 서원구 수곡동 69,36.61547153,127.4871996,청주시,상당,Y,2,4~8,2020-07-17
어린이집,늘푸른어린이집,충청북도 청주시 서원구 1순환로614번길 45 (사창동),충청북도 청주시 서원구 사창동129-2,36.63792465,127.4570388,청주시,청원,Y,3,4~8,2020-07-17
어린이집,미평어린이집,충청북도 청주시 서원구 궁뜰로 19-11 (미평동),충청북도 청주시 서원구 미평동 84-1,36.60094295,127.4797766,청주시,상당,Y,1,4~8,2020-07-17
어린이집,발산어린이집,충청북도 청주시 흥덕구 경산로50번길 12 (가경동),충청북도 청주시 흥덕구 가경동164-16,36.62411985,127.4377016,청주시,흥덕,Y,2,4~8,2020-07-17
어린이집,서청주어린이집,충청북도 청주시 흥덕구 신성로 84 (신성동),충청북도 청주시 흥덕구 신성동63-4,36.6533671,127.4153115,청주시,흥덕,Y,2,4~8,2020-07-17
어린이집,예담어린이집,충청북도 청주시 서원구 매봉로60번길 34-3 (수곡동),충청북도 청주시 서원구 수곡동 218-4,36.6151108,127.4801639,청주시,상당,Y,2,4~8,2020-07-17
어린이집,이든어린이집(구한성어린이집),충청북도 청주시 흥덕구 장구봉로137번길 25 (복대동),충청북도 청주시 흥덕구 복대2동 2339,36.62570914,127.4484477,청주시,흥덕,Y,4,4~8,2020-07-17
어린이집,보람어린이집,충청북도 청주시 흥덕구 가경로 140 (가경동),충청북도 청주시 흥덕구 가경동 1510,36.62747202,127.4377116,청주시,흥덕,N,,4~8,2020-07-17
초등학교,서현초교,충청북도 청주시 흥덕구 서현중로 7 (가경동),충청북도 청주시 흥덕구 가경동1917,36.61926582,127.4294286,청주시,흥덕,Y,11,4~8,2020-07-17
유치원,서현초교 병설유치원,충청북도 청주시 흥덕구 서현중로 7 (가경동),충청북도 청주시 흥덕구 가경동1917,36.61926582,127.4294286,청주시,흥덕,Y,,4~8,2020-07-17
어린이집,청주숲어린이집(구한사랑어린이집(구소망어린이집)),충청북도 청주시 흥덕구 1순환로 471 (신봉동),충청북도 청주시 흥덕구 신봉동528-1,36.64951751,127.4679864,청주시,흥덕,Y,2,4~8,2020-07-17
특수학교,청주성신학교,충청북도 청주시 흥덕구 서부로 837-42 (현암동),충청북도 청주시 흥덕구 현암동 산 5-83,36.59790225,127.399207,청주시,흥덕,Y,5,4~8,2020-07-17
초등학교,옥산초소로분교,충청북도 청주시 흥덕구 옥산면 소로1길 65,충청북도 청주시 흥덕구 옥산면 소로리 313-1,36.68869551,127.4037844,청주시,흥덕,Y,10,4~8,2020-07-17
유치원,옥산초소로분교 병설유치원,충청북도 청주시 흥덕구 옥산면 소로1길 65,충청북도 청주시 흥덕구 옥산면 소로리 313-1,36.68869551,127.4037844,청주시,흥덕,Y,,4~8,2020-07-17
초등학교,직지초교,충청북도 청주시 흥덕구 공단로 99번길 22,충청북도 청주시 흥덕구 복대동 268-1,36.64007312,127.4377963,청주시,흥덕,Y,4,4~8,2020-07-17
유치원,직지초교 병설유치원,충청북도 청주시 흥덕구 공단로 99번길 22,충청북도 청주시 흥덕구 복대동 268-1,36.64007312,127.4377963,청주시,흥덕,Y,,4~8,2020-07-17
어린이집,죽림어린이집,충청북도 청주시 서원구 2순환로1502번길 31 (성화동),충청북도 청주시 서원구 성화동 212-1,36.60601226,127.4469879,청주시,흥덕,Y,3,4~8,2020-07-17
어린이집,초대어린이집(구개나리어린이집),충청북도 청주시 서원구 안뜸로 10 (분평동),충청북도 청주시 서원구 분평동 274-7,36.61173285,127.4784976,청주시,상당,Y,1,4~8,2020-07-17
어린이집,리틀영재어린이집(구자연어린이집),충청북도 청주시 서원구 청남로2142번길 18 (모충동),충청북도 청주시 서원구 모충동 95-30,36.62291307,127.4893973,청주시,상당,Y,3,4~8,2020-07-17
어린이집,새충북어린이집,충청북도 청주시 흥덕구 봉명로227번길 28 (봉명동),충청북도 청주시 흥덕구 봉명1동 1025,36.6410676,127.4671585,청주시,흥덕,Y,3,4~8,2020-07-17
어린이집,시온어린이집(구시온몬테소리어린이집),충청북도 청주시 흥덕구 가로수로1380번길 30-2 (복대동),충청북도 청주시 흥덕구 복대1동 980-28,36.6326523,127.4462317,청주시,흥덕,Y,2,4~8,2020-07-17
어린이집,아름드리어린이집,충청북도 청주시 흥덕구 죽천로131번길 8-1 (복대동),충청북도 청주시 흥덕구 복대1동 221-29,36.63842684,127.4375276,청주시,흥덕,Y,2,4~8,2020-07-17
어린이집,청주영재어린이집,충청북도 청주시 흥덕구 천석로77번길 12 (봉명동),충청북도 청주시 흥덕구 봉명1동 770-2,36.64252622,127.4648533,청주시,흥덕,Y,2,4~8,2020-07-17
어린이집,큰빛어린이집,충청북도 청주시 서원구 매봉로76번길 49 (수곡동),충청북도 청주시 서원구 수곡동 201-46,36.617017,127.4812042,청주시,상당,Y,2,4~8,2020-07-17
어린이집,키즈아이어린이집,충청북도 청주시 흥덕구 덕암로41번길 44 (봉명동),충청북도 청주시 흥덕구 봉명2동 2420-1,36.65507815,127.4590102,청주시,흥덕,Y,1,4~8,2020-07-17
어린이집,해오름어린이집,충청북도 청주시 흥덕구 주봉로34번길 52 (비하동),충청북도 청주시 흥덕구 비하동 439,36.63018358,127.4173561,청주시,흥덕,Y,1,4~8,2020-07-17
어린이집,행복한어린이집,충청북도 청주시 서원구 성화로 7 (성화동),충청북도 청주시 서원구 성화동232-8,36.60691221,127.4492196,청주시,흥덕,Y,3,4~8,2020-07-17
어린이집,가경홍익어린이집,충청북도 청주시 흥덕구 가경로 140 (가경동),충청북도 청주시 흥덕구 가경동1510(1층),36.62747202,127.4377116,청주시,흥덕,N,,4~8,2020-07-17
초등학교,옥포초등학교,충청북도 청주시 서원구 현도면 죽전1길 45-7,충청북도 청주시 서원구 현도면 죽전리 622,36.49696412,127.415832,청주시,흥덕,Y,,4~8,2020-07-17
유치원,옥포초교 병설유치원,충청북도 청주시 서원구 현도면 죽전1길 45-7,충청북도 청주시 서원구 현도면 죽전리 622,36.49696412,127.415832,청주시,흥덕,Y,6,4~8,2020-07-17
어린이집,갈릴리어린이집,충청북도 청주시 청원구 1순환로1895번길 41 (율량동),충청북도 청주시 청원구 율량동199,36.65807242,127.5114742,청주시,청원,Y,4,4~8,2020-07-17
어린이집,아이세상어린이집(청주리라유치원 중복지정),충청북도 청주시 청원구 충청대로57번길 24-1,충청북도 청주시 청원구 내덕2동419-7,36.66227126,127.4901385,청주시,청원,Y,2,4~8,2020-07-17
어린이집,청주YWCA어린이집,충청북도 청주시 청원구 율봉로212번길 54 (율량동),충청북도 청주시 청원구 율량동1014-1,36.66592686,127.4917322,청주시,청원,Y,3,4~8,2020-07-17
초등학교,내곡초등학교,충청북도 청주시 흥덕구 송화로214번길 30,충청북도 청주시 흥덕구 송절동 849,36.66682612,127.456901,청주시,흥덕,Y,1,4~8,2020-07-17
유치원,내곡초등학교 병설유치원,충청북도 청주시 흥덕구 송화로214번길 30,충청북도 청주시 흥덕구 송절동 849,36.66682612,127.456901,청주시,흥덕,N,,4~8,2020-07-17
유치원,성안나유치원,충청북도 청주시 상당구 교동로 3번길 100(수동천주교회내),충청북도 청주시 상당구 수동351-6,36.64179664,127.4912656,청주시,상당,Y,2,4~8,2020-07-17
유치원,아이림유치원,충청북도 청주시 상당구 중고개로273번길 34 (금천동),충청북도 청주시 상당구 금천동46,36.62743961,127.5068176,청주시,상당,Y,1,4~8,2020-07-17
어린이집,보림어린이집,충청북도 청주시 상당구 영운천로 119 (영운동),충청북도 청주시 상당구 영운동33-12,36.62097428,127.510764,청주시,상당,Y,3,4~8,2020-07-17
유치원,사랑가득한유치원,충청북도 청주시 상당구 중고개로216번길 35 (용정동),충청북도 청주시 상당구 용정동 775,36.62437998,127.5142477,청주시,상당,Y,3,4~8,2020-07-17
어린이집,용정어린이집,충청북도 청주시 상당구 1순환로1514번길 17 (용정동),충청북도 청주시 상당구 용정동230-1,36.62793562,127.5213461,청주시,상당,Y,1,4~8,2020-07-17
초등학교,비상초등학교,충청북도 청주시 청원구 내수읍 세교초정로 171,충청북도 청주시 청원구 내수읍 비상리 200,36.71114848,127.5820811,청주시,청원,Y,7,4~8,2020-07-17
유치원,비상초교 병설유치원,충청북도 청주시 청원구 내수읍 세교초정로 171,충청북도 청주시 청원구 내수읍 비상리 200,36.71114848,127.5820811,청주시,청원,Y,,4~8,2020-07-17
유치원,꿈나무유치원,충청북도 청주시 상당구 용암북로 6번길 25,충청북도 청주시 상당구 용암동 674-1,36.61445655,127.5024626,청주시,상당,Y,2,4~8,2020-07-17
어린이집,호산나어린이집,충청북도 청주시 흥덕구 옥산면 청주역로 646-8,충청북도 청주시 흥덕구 옥산면 가락리 762-2,36.66589253,127.3754147,청주시,흥덕,Y,3,4~8,2020-07-17
유치원,꿀참나무숲 유치원,충청북도 청주시 상당구 낙가산로 99 (용암동),충청북도 청주시 상당구 용암동 39-4,36.62303497,127.5324209,청주시,상당,Y,2,4~8,2020-07-17
유치원,무궁화유치원,충청북도 청주시 청원구 율봉로 77,충청북도 청주시 청원구 사천동 229-1,36.66644042,127.4789256,청주시,청원,Y,4,4~8,2020-07-17
유치원,오송유치원,충청북도 청주시 흥덕구 오송읍 오송생명3로 101,충청북도 청주시 흥덕구 오송읍 연제리 735,36.62874317,127.3255716,청주시,흥덕,Y,7,4~8,2020-07-17
유치원,이레유치원/어린이집,충청북도 청주시 흥덕구 신율로111번길 31-1 (복대동),충청북도 청주시 흥덕구 복대동 2172,36.62752914,127.4446749,청주시,흥덕,Y,2,4~8,2020-07-17
어린이집,이레어린이집/이레유치원,충청북도 청주시 흥덕구 신율로111번길 31-1 (복대동),충청북도 청주시 흥덕구 복대2동 2172,36.62752914,127.4446749,청주시,흥덕,N,,4~8,2020-07-17
어린이집,동명어린이집,충청북도 청주시 서원구 안뜸로53번길 1 (분평동),충청북도 청주시 서원구 분평동 249-7,36.61224405,127.4831239,청주시,상당,Y,4,4~8,2020-07-17
어린이집,봉명어린이집,충청북도 청주시 흥덕구 백봉로170번길 13 (봉명동),충청북도 청주시 흥덕구 봉명2동 1872,36.64862182,127.4544799,청주시,흥덕,Y,3,4~8,2020-07-17
어린이집,청주LG 어린이집,충청북도 청주시 흥덕구 월명로 101 (봉명동),충청북도 청주시 흥덕구 봉명동 237-20,36.64377028,127.4534995,청주시,흥덕,Y,3,4~8,2020-07-17
초등학교,청원초등학교,충청북도 청주시 청원구 오창읍 과학산업3로 228,충청북도 청주시 청원구 오창읍 각리 639-11,36.70960143,127.4305575,청주시,청원,Y,5,4~8,2020-07-17
유치원,대청유치원,충청북도 청주시 흥덕구 흥덕로162번길 25 (운천동),충청북도 청주시 흥덕구 운천동 1569,36.64723303,127.4777778,청주시,흥덕,Y,2,4~8,2020-07-17
어린이집,시립365어린이집,충청북도 청주시 흥덕구 송절로124번길 17 (봉명동),충청북도 청주시 흥덕구 봉명동 2314,36.6579267,127.4624809,청주시,흥덕,Y,3,4~8,2020-07-17
어린이집,청주온누리어린이집(구엘리트어린이집),충청북도 청주시 서원구 두꺼비로45번길 11,충청북도 청주시 서원구 산남동 1010,36.60820531,127.4654297,청주시,상당,Y,3,4~8,2020-07-17
어린이집,자연어린이집,충청북도 청주시 서원구 모충로104번길 57 (모충동),충청북도 청주시 서원구 모충동 410-2,36.62814479,127.4774632,청주시,상당,Y,3,4~8,2020-07-17
어린이집,좋은친구 어린이집,충청북도 청주시 상당구 교동로139번길28(용담동),충청북도 청주시 상당구 용담동 131-5,36.63616491,127.504558,청주시,상당,Y,2,4~8,2020-07-17
어린이집,삼성누리애어린이집,"충청북도 청주시 청원구 주성로96번길 29 (율량동, 삼성아파트)",충청북도 청주시 청원구 율량동 1180,36.66767116,127.4794209,청주시,청원,Y,5,4~8,2020-07-17
어린이집,마주어린이집,충청북도 청주시 흥덕구 호암로 89 (강서동),충청북도 청주시 흥덕구 강서동 224-2,36.6125471,127.4223314,청주시,흥덕,Y,3,4~8,2020-07-17
초등학교,양청초등학교,충청북도 청주시 청원구 오창읍 양청택지3길 15,충청북도 청주시 청원구 오창읍 양청리 702,36.72013779,127.4254091,청주시,청원,N,,4~8,2020-07-17
유치원,양청초등학교 병설유치원,충청북도 청주시 청원구 오창읍 양청택지3길 15,충청북도 청주시 청원구 오창읍 양청리 702,36.72013779,127.4254091,청주시,청원,N,,4~8,2020-07-17
어린이집,미소나라 어린이집,충청북도 청주시 상당구 명암로 7-10 (용담동),충청북도 청주시 상당구 용담동 87-11,36.63769127,127.5084099,청주시,상당,Y,1,4~8,2020-07-17
어린이집,아이큰숲어린이집/유엔아이어린이집,충청북도 청주시 상당구 명암로 11,충청북도 청주시 상당구 용담동76-30,36.63800735,127.508644,청주시,상당,Y,1,4~8,2020-07-17
유치원,꿈가득한 유치원,충청북도 청주시 서원구 장전로20번길 23(성화동),충청북도 청주시 서원구 성화동 822,36.61610595,127.4505517,청주시,흥덕,Y,3,4~8,2020-07-17
어린이집,오창엘리트어린이집,충청북도 청주시 청원구 오창읍 양청송대길 117,충청북도 청주시 청원구 오창읍 양청송대길117,36.72088554,127.4446886,청주시,청원,Y,3,4~8,2020-07-17
어린이집,가온누리어린이집,충청북도 청주시 청원구 내수읍 원마산길 27-2,충청북도 청주시 청원구 내수읍 도원리122,36.71541537,127.5362051,청주시,청원,Y,4,4~8,2020-07-17
어린이집,동심어린이집,충청북도 청주시 청원구 내수읍 은곡4길35,충청북도 청주시 청원구 내수읍 마산리188-16,36.71704146,127.5304677,청주시,청원,Y,3,4~8,2020-07-17
초등학교,단재초등학교,충청북도 청주시 상당구 단재로 350,충청북도 청주시 상당구 방서동 600-20,36.59934832,127.5002859,청주시,상당,N,,4~8,2020-07-17
유치원,단재초등학교 병설유치원,충청북도 청주시 상당구 단재로 350,충청북도 청주시 상당구 방서동 600-20,36.59934832,127.5002859,청주시,상당,N,,4~8,2020-07-17
어린이집,지오숲어린이집,충청북도 청주시 서원구 대림로 421번길34-2,충청북도 청주시 서원구 죽림동 117,36.60753209,127.4395795,청주시,흥덕,Y,3,4~8,2020-07-17
초등학교,중앙초교,충청북도 청주시 청원구 율봉로 287(율량동),충청북도 청주시 청원구 율량동 2105,36.66732654,127.5009716,청주시,청원,Y,4,4~8,2020-07-17
유치원,중앙초교 병설유치원,충청북도 청주시 청원구 율봉로 285번길 15(율량동),충청북도 청주시 청원구 율량동 2093,36.66750067,127.4998497,청주시,청원,Y,,4~8,2020-07-17
초등학교,창리초등학교,충청북도 청주시 청원구 오창읍 2산단2로 32,충청북도 청주시 청원구 오창읍 주성리566,36.7365768,127.4492127,청주시,청원,Y,3,4~8,2020-07-17
유치원,창리초등학교 병설유치원,충청북도 청주시 청원구 오창읍 2산단2로 32,충청북도 청주시 청원구 오창읍 주성리566,36.7365768,127.4492127,청주시,청원,Y,3,4~8,2020-07-17
초등학교,수성초등학교(구성분교),충청북도 청주시 청원구 내수읍 충청대로 452,충청북도 청주시 청원구 내수읍 구성리 266,36.68990407,127.5147195,청주시,청원,Y,2,4~8,2020-07-17
초등학교,신송초등학교,충청북도 청주시 상당구 남일면 신송2길 46,충청북도 청주시 상당구 남일면 신송리 411,36.57550089,127.4933167,청주시,상당,Y,3,4~8,2020-07-17
어린이집,선해어린이집,충청북도 청주시 흥덕구 오송읍 쌍청2길 12,충청북도 청주시 흥덕구 오송읍 쌍청리 108-18,36.64096263,127.3460012,청주시,흥덕,N,,4~8,2020-07-17
유치원,사직유치원,충청북도 청주시 서원구 호국로59번길 7 (사직동),충청북도 청주시 서원구 사직동 649-7,36.63351851,127.4749113,청주시,흥덕,Y,5,4~8,2020-07-17
유치원,미호유치원,충청북도 청주시 흥덕구 강내면 사인1길 78,충청북도 청주시 흥덕구 강내면 사인리 260-5,36.62912946,127.3698295,청주시,흥덕,N,,4~8,2020-07-17
유치원,씨에이유치원,충청북도 청주시 서원구 예체로1번길 6,충청북도 청주시 서원구 개신동438-66,36.62635967,127.4686066,청주시,청원,N,,4~8,2020-07-17
유치원,신평유치원,충청북도 청주시 청원구 오창읍 신평중신1길 37,충청북도 청주시 청원구 오창읍 신평리 637-5,36.69944051,127.4374479,청주시,청원,N,,4~8,2020-07-17
어린이집,강외오송어린이집,충청북도 청주시 흥덕구 오송읍 가로수로 150,충청북도 청주시 흥덕구 오송읍 오송리 242-1,36.60848488,127.3218694,청주시,흥덕,N,,4~8,2020-07-17
특수학교,충주성심학교 청주분원,충청북도 청주시 흥덕구 강내면 저산길 31,충청북도 청주시 흥덕구 강내면 저산리 200-3,36.56573244,127.3544549,청주시,흥덕,N,,4~8,2020-07-17
